{"aa": [5201.170400264297, 1140.6147550925118, 1020.5337323854654, 8400.76794662241, 24.115003678924467, 105600.81262034668, 7600.548151549846, 5201.030779176429, 136.23198944558465, 216.7006938236719, 1646.3173265293156, 820.700893845673, 300.2974114528732, 36.369728131297215, 780.4768723649248, 136.66149646925638, 360.720159013323, 450.8621629770209, 593.1830092815094, 23.999800628843406, 8000.97767493975], "utrna": [1.3179479370686469, 0.5572321444138221, 0.12960343134119234, 0.9015890875909033, 0.3143039735907177, 0.14776043379962026, 0.15089095146486645, 1.1357518089513186, 0.606694323524712, 0.2867554181365512, 0.441402990799713, 0.33684370078049025, 0.21600571890198722, 4.623148488035577, 0.3186866983220623, 0.39569743288711867, 0.2855032110704527, 0.07888904516420403, 0.2304061001621197, 1.1025683216997089, 0.3024080064627821], "conv": 0.0006261035330492384, "f": [0.10108475726761262, 0.05658882347566149, 0.04235774798647643, 0.05667889357369431, 0.007153393293041106, 0.06712049812680303, 0.03950683357917684, 0.08056966073596408, 0.019265863432845563, 0.057403370449175664, 0.08571279387001188, 0.06613364313966087, 0.026436226454501548, 0.03359353583876147, 0.03710235357082251, 0.05109324213192006, 0.05682639967626979, 0.009329434646964377, 0.026938791494249874, 0.0, 0.07910373725638649], "synthetases": [0.8978324663926078, 0.8602662544096535, 2.0229405152820887, 0.6073204270577612, 0.8014125223030251, 2.818718105787671, 1.4938830298554828, 0.7738639668488586, 0.4263765060065314, 1.8589013896231887, 1.4801087521283995, 1.4225072270878696, 0.8533791155461119, 0.7964036940386312, 0.8727883250706383, 1.5564933831604064, 1.6535394307830387, 0.8120562823648623, 0.8715361180045399, 0.011895967127935527, 1.7474549607404244], "ctrna": [23.08381115999237, 34.140173450108875, 6.629810311458384, 12.329856876338651, 7.704830077703928, 26.43722168300409, 10.077136364427492, 35.571446126659424, 3.322105346359259, 21.277502467145318, 50.43263958711615, 10.229279522958455, 16.295596654672526, 1.3110607982051055, 10.65377771836584, 20.14112455466095, 14.690267195934279, 4.807849030285102, 10.479720936178152, 0.24104986022395677, 27.10214363510238], "spot": 0.006261035330492383, "rnap": 5.259895781146652, "rela": 0.1352383631386355, "rib": 25.052906771432223}