{"aa": [2600.8643891727847, 570.9345591341108, 510.77235129882627, 4198.943006558943, 12.09925618705746, 95944.98455665585, 3798.705276608864, 2600.5157911553906, 68.36878616143991, 109.44888377373915, 194.02747774400996, 411.3492917545186, 150.61613089038696, 18.813399251243904, 390.90183929673935, 69.26206858101258, 181.54331124607975, 12.251767819667426, 29.57999426763807, 23.98426984259139, 3999.6720336366284], "utrna": [0.3122857239156487, 0.15977409130568074, 0.061730898913558464, 0.24692359565423386, 0.2505548250020902, 0.047205981522132935, 0.05809966956570208, 0.2977608065242232, 0.2977608065242232, 0.13435548587068608, 0.22876744891495196, 0.11983056847926055, 0.10893688043569141, 1.4779103445775466, 0.13072425652282968, 0.20698007282781367, 0.11983056847926055, 0.3013920358720795, 0.37038539348135074, 0.5809966956570208, 0.10530565108783502], "conv": 0.00363122934785638, "f": [0.09966329966329966, 0.05377917102055033, 0.04323696737489841, 0.0601416463485429, 0.00741901776384535, 0.06506443747823058, 0.03990479507720887, 0.08206199930337861, 0.0196563334494369, 0.057935678625333796, 0.08681063508649715, 0.06325322187391152, 0.02554278416347382, 0.03419249970974109, 0.03877859050272844, 0.04980842911877394, 0.056821084407291306, 0.00943921978404737, 0.027795193312434692, 0.0, 0.07869499593637524], "synthetases": [1.336292400011148, 1.3290299413154354, 2.734315698935854, 0.9622757771819408, 1.1801495380533236, 4.3102692359055235, 2.1968937554531105, 1.1256810978354779, 0.6427275945705794, 2.8432525793715455, 2.124269168495983, 2.1424253152352644, 1.1983056847926055, 1.2019369141404619, 1.2309867489233128, 2.2440997369752433, 2.6471661945873017, 1.2600365837061638, 1.376235922837568, 0.02178737608713828, 2.4946545619773333], "ctrna": [14.626591813165499, 21.30805381322124, 4.0960267043819965, 7.963285959849042, 4.22311973155697, 15.843053644697386, 6.114990221790144, 22.364741553447445, 1.9935449119731528, 12.53863493814808, 30.091997605685822, 6.278395542443681, 10.065767752257885, 2.3893489108894985, 6.714143064186447, 11.943113325099635, 8.798468709856008, 2.650797423935158, 6.085940387007293, 0.22513621956709556, 16.478518780572255], "spot": 0.0, "rnap": 4.372000134819082, "rela": 0.17066777934924987, "rib": 16.206176579483024}