{"aa": [2601.015046881091, 570.5868773739979, 510.64908028839017, 4200.22334524997, 12.109500091619262, 95986.97683244545, 3800.086070201847, 2600.774984703109, 68.26086191541856, 108.81773009791544, 193.25823721346774, 410.75047849629794, 150.32529906480727, 18.48751568391614, 390.58934751474527, 68.85010544319277, 180.90867494386646, 12.224075222019804, 29.449900481882345, 23.996669870675568, 4000.535260837596], "utrna": [0.49922021103093595, 0.26734197093459966, 0.07911139956227947, 0.3655492255636362, 0.4760323870213024, 0.07638342026702846, 0.08456735815278152, 0.41601684252578003, 0.46375648019267285, 0.20596243679145176, 0.327357515430122, 0.1800466334865671, 0.16231476806743547, 3.9719378538854793, 0.19095855066757114, 0.3191735775443689, 0.1841386024294436, 0.5401399004597013, 0.6983626995842602, 0.7038186581747623, 0.14731088194355488], "conv": 0.0013639896476255083, "f": [0.1009407249666534, 0.054793719139774884, 0.043604084275228355, 0.058225883197216825, 0.007367452164213449, 0.06670878868009891, 0.04040593140352109, 0.08000062402982863, 0.019493131771698688, 0.0572859382678492, 0.08519177216670958, 0.06421266936559568, 0.026252154853001974, 0.03395892323653071, 0.03709467312537539, 0.05154876403092068, 0.05760575355501993, 0.009949375580152731, 0.028042340423872263, 0.0, 0.07731729576673765], "synthetases": [1.0284481943096333, 0.9820725462903659, 2.258766856467842, 0.7310984511272725, 0.8538575194135682, 3.2299274855772038, 1.7186269560081406, 0.9288769500329711, 0.4828523352594299, 2.1346437985339204, 1.7445427593130252, 1.6326956082077333, 0.9493367947473537, 0.9220570017948436, 0.9425168465092262, 1.736358821427272, 1.9027655584375842, 0.9166010432043417, 0.9725246187569875, 0.015003886123880589, 1.9818769579998634], "ctrna": [17.426331738063492, 25.086497599128347, 4.733044077260513, 9.393796703196875, 5.518702114292807, 19.705558439245717, 7.416011714139889, 26.323636209524686, 2.475641210440297, 15.45673068689226, 37.34194458304354, 7.395551869425506, 11.748042834998502, 0.27961787776322916, 7.991615345437853, 14.714720318583982, 10.775518216241515, 3.0007772247761184, 7.279612749377337, 0.2605220226964721, 20.116119323180996], "spot": 0.006819948238127541, "rnap": 4.641656770869605, "rela": 0.17186269560081405, "rib": 18.239269568048297}